step,nominal_step,smpl,ep,loss,grad_norm,grdn,lr,data_s,prep_s,updt_s,step_s,mem_gb
50,5000,40.0,434.0,0.039,0.601,0.601,5.4e-05,0.173,0.005,0.994,1.173,5.26
100,5000,41.0,438.0,0.04,0.575,0.575,5.3e-05,0.002,0.107,0.266,0.376,5.26
150,5000,41.0,442.0,0.033,0.59,0.59,5.2e-05,0.002,0.001,0.222,0.226,5.26
200,5000,42.0,447.0,0.033,0.52,0.52,5.1e-05,0.002,0.001,0.227,0.231,5.26
250,5000,42.0,451.0,0.037,0.536,0.536,5e-05,0.002,0.001,0.224,0.229,5.26
300,5000,42.0,455.0,0.032,0.545,0.545,5e-05,0.008,0.002,4.221,4.231,5.27
350,5000,43.0,460.0,0.036,0.488,0.488,4.9e-05,0.003,0.002,0.341,0.346,5.27
400,5000,43.0,464.0,0.038,0.526,0.526,4.8e-05,0.002,0.001,0.228,0.233,5.27
450,5000,44.0,468.0,0.034,0.452,0.452,4.7e-05,0.002,0.001,0.227,0.231,5.27
500,6000,44.0,472.0,0.031,0.475,0.475,4.6e-05,0.002,0.001,0.225,0.23,5.27
550,6000,44.0,477.0,0.033,0.456,0.456,4.5e-05,0.002,0.001,0.228,0.233,5.27
600,6000,45.0,481.0,0.031,0.392,0.392,4.5e-05,0.002,0.001,0.228,0.232,5.27
650,6000,45.0,485.0,0.034,0.438,0.438,4.4e-05,0.002,0.001,0.228,0.232,5.27
700,6000,46.0,490.0,0.036,0.471,0.471,4.3e-05,0.002,0.001,0.228,0.233,5.27
750,6000,46.0,494.0,0.035,0.462,0.462,4.2e-05,0.277,0.002,0.234,0.513,5.27
800,6000,46.0,498.0,0.027,0.453,0.453,4.1e-05,1.1,0.002,0.27,1.373,5.27
850,6000,47.0,503.0,0.029,0.394,0.394,4.1e-05,0.008,0.001,0.283,0.293,5.27
900,6000,47.0,507.0,0.03,0.435,0.435,4e-05,0.002,0.001,0.224,0.229,5.27
950,6000,48.0,511.0,0.029,0.402,0.402,3.9e-05,0.002,0.001,0.227,0.232,5.27
1000,6000,48.0,515.0,0.026,0.361,0.361,3.8e-05,0.002,0.001,0.228,0.232,5.27
1050,6000,48.0,520.0,0.027,0.403,0.403,3.7e-05,0.002,0.002,0.215,0.22,5.27
1100,6000,49.0,524.0,0.026,0.405,0.405,3.7e-05,0.002,0.001,0.209,0.214,5.27
1150,6000,49.0,528.0,0.023,0.371,0.371,3.6e-05,0.002,0.001,0.225,0.23,5.27
1200,6000,50.0,533.0,0.022,0.363,0.363,3.5e-05,0.002,0.001,0.213,0.218,5.27
1250,6000,50.0,537.0,0.032,0.439,0.439,3.4e-05,0.002,0.001,0.206,0.21,5.27
1300,6000,50.0,541.0,0.026,0.393,0.393,3.3e-05,0.002,0.001,0.221,0.225,5.27
1350,6000,51.0,546.0,0.033,0.423,0.423,3.3e-05,0.008,0.002,0.224,0.235,5.27
1400,6000,51.0,550.0,0.027,0.366,0.366,3.2e-05,0.002,0.001,0.227,0.231,5.27
1450,6000,52.0,554.0,0.024,0.387,0.387,3.1e-05,0.002,0.001,0.228,0.233,5.27
1500,6000,52.0,558.0,0.022,0.36,0.36,3e-05,0.002,0.001,0.228,0.232,5.27
1550,7000,52.0,563.0,0.027,0.424,0.424,3e-05,0.002,0.001,0.214,0.219,5.27
1600,7000,53.0,567.0,0.024,0.35,0.35,2.9e-05,0.002,0.001,0.223,0.228,5.27
1650,7000,53.0,571.0,0.023,0.352,0.352,2.8e-05,0.002,0.001,0.229,0.233,5.27
1700,7000,54.0,576.0,0.025,0.344,0.344,2.7e-05,0.002,0.001,0.229,0.233,5.27
1750,7000,54.0,580.0,0.024,0.358,0.358,2.7e-05,0.002,0.001,0.229,0.233,5.27
1800,7000,54.0,584.0,0.023,0.396,0.396,2.6e-05,0.002,0.001,0.224,0.228,5.27
1850,7000,55.0,588.0,0.024,0.349,0.349,2.5e-05,0.002,0.001,0.229,0.233,5.27
1900,7000,55.0,593.0,0.021,0.366,0.366,2.4e-05,0.009,0.002,0.224,0.236,5.27
1950,7000,56.0,597.0,0.025,0.387,0.387,2.4e-05,0.002,0.001,0.222,0.226,5.27
2000,7000,56.0,601.0,0.021,0.32,0.32,2.3e-05,0.002,0.001,0.226,0.231,5.27
2050,7000,56.0,606.0,0.021,0.327,0.327,2.2e-05,3.713,0.016,0.91,4.641,5.27
2100,7000,57.0,610.0,0.024,0.365,0.365,2.2e-05,0.002,0.001,0.207,0.211,5.27
2150,7000,57.0,614.0,0.021,0.358,0.358,2.1e-05,0.002,0.001,0.207,0.211,5.27
2200,7000,58.0,619.0,0.022,0.33,0.33,2e-05,0.002,0.001,0.207,0.211,5.27
2250,7000,58.0,623.0,0.021,0.303,0.303,2e-05,0.002,0.001,0.209,0.214,5.27
2300,7000,58.0,627.0,0.021,0.326,0.326,1.9e-05,0.002,0.001,0.208,0.212,5.27
2350,7000,59.0,631.0,0.022,0.365,0.365,1.8e-05,0.002,0.001,0.208,0.212,5.27
2400,7000,59.0,636.0,0.02,0.323,0.323,1.8e-05,0.007,0.001,0.209,0.219,5.27
2450,7000,60.0,640.0,0.019,0.34,0.34,1.7e-05,0.002,0.001,0.208,0.212,5.27
2500,8000,60.0,644.0,0.02,0.337,0.337,1.6e-05,0.002,0.001,0.195,0.199,5.27
2550,8000,60.0,649.0,0.021,0.347,0.347,1.6e-05,0.002,0.001,0.196,0.2,5.27
2600,8000,61.0,653.0,0.016,0.293,0.293,1.5e-05,0.002,0.001,0.201,0.205,5.27
2650,8000,61.0,657.0,0.012,0.235,0.235,1.5e-05,0.002,0.001,0.2,0.204,5.27
2700,8000,62.0,661.0,0.016,0.285,0.285,1.4e-05,0.002,0.001,0.208,0.212,5.27
2750,8000,62.0,666.0,0.016,0.263,0.263,1.3e-05,0.002,0.001,0.207,0.211,5.27
2800,8000,62.0,670.0,0.018,0.316,0.316,1.3e-05,0.002,0.001,0.206,0.21,5.27
2850,8000,63.0,674.0,0.02,0.328,0.328,1.2e-05,0.002,0.001,0.209,0.213,5.27
2900,8000,63.0,679.0,0.017,0.319,0.319,1.2e-05,0.002,0.001,0.196,0.2,5.27
2950,8000,64.0,683.0,0.018,0.33,0.33,1.1e-05,0.008,0.001,0.204,0.215,5.27
3000,8000,64.0,687.0,0.016,0.293,0.293,1.1e-05,0.002,0.001,0.206,0.21,5.27
3050,8000,64.0,692.0,0.018,0.287,0.287,1e-05,4.753,0.294,0.464,5.512,5.27
3100,8000,65.0,696.0,0.016,0.298,0.298,9.8e-06,0.002,0.001,0.209,0.213,5.27
3150,8000,65.0,700.0,0.014,0.274,0.274,9.3e-06,0.002,0.001,0.205,0.21,5.27
3200,8000,66.0,704.0,0.015,0.267,0.267,8.8e-06,0.002,0.001,0.209,0.213,5.27
3250,8000,66.0,709.0,0.017,0.307,0.307,8.4e-06,0.002,0.001,0.205,0.209,5.27
3300,8000,66.0,713.0,0.016,0.328,0.328,7.9e-06,0.002,0.001,0.208,0.212,5.27
3350,8000,67.0,717.0,0.02,0.358,0.358,7.5e-06,0.002,0.001,0.209,0.213,5.27
3400,8000,67.0,722.0,0.016,0.288,0.288,7e-06,0.002,0.001,0.21,0.214,5.27
3450,8000,68.0,726.0,0.015,0.286,0.286,6.6e-06,0.007,0.001,0.206,0.215,5.27
3500,8000,68.0,730.0,0.017,0.317,0.317,6.2e-06,0.002,0.001,0.207,0.212,5.27
3550,9000,68.0,735.0,0.014,0.28,0.28,5.8e-06,0.002,0.001,0.209,0.213,5.27
3600,9000,69.0,739.0,0.018,0.342,0.342,5.4e-06,0.002,0.001,0.208,0.212,5.27
3650,9000,69.0,743.0,0.017,0.29,0.29,5.1e-06,0.002,0.001,0.208,0.213,5.27
3700,9000,70.0,747.0,0.014,0.275,0.275,4.7e-06,0.002,0.001,0.21,0.214,5.27
3750,9000,70.0,752.0,0.015,0.299,0.299,4.4e-06,0.002,0.001,0.208,0.213,5.27
3800,9000,70.0,756.0,0.014,0.293,0.293,4e-06,0.002,0.001,0.209,0.213,5.27
3850,9000,71.0,760.0,0.012,0.229,0.229,3.7e-06,0.002,0.001,0.205,0.209,5.27
3900,9000,71.0,765.0,0.011,0.238,0.238,3.4e-06,0.002,0.001,0.207,0.211,5.27
3950,9000,72.0,769.0,0.012,0.225,0.225,3.1e-06,0.002,0.001,0.206,0.21,5.27
4000,9000,72.0,773.0,0.016,0.283,0.283,2.8e-06,0.008,0.001,0.2,0.211,5.27
4050,9000,72.0,777.0,0.014,0.265,0.265,2.6e-06,4.645,0.007,0.197,4.849,5.27
4100,9000,73.0,782.0,0.011,0.22,0.22,2.3e-06,0.002,0.001,0.196,0.2,5.27
4150,9000,73.0,786.0,0.012,0.236,0.236,2.1e-06,0.002,0.001,0.195,0.199,5.27
4200,9000,74.0,790.0,0.011,0.213,0.213,1.8e-06,0.002,0.001,0.2,0.204,5.27
4250,9000,74.0,795.0,0.012,0.235,0.235,1.6e-06,0.002,0.001,0.205,0.21,5.27
4300,9000,74.0,799.0,0.013,0.248,0.248,1.4e-06,0.002,0.001,0.206,0.21,5.27
4350,9000,75.0,803.0,0.011,0.217,0.217,1.2e-06,0.002,0.001,0.204,0.208,5.27
4400,9000,75.0,808.0,0.015,0.247,0.247,1.1e-06,0.224,0.001,0.205,0.431,5.27
4450,9000,76.0,812.0,0.011,0.219,0.219,9e-07,1.083,0.001,0.203,1.288,5.27
4500,10000,76.0,816.0,0.011,0.233,0.233,7.5e-07,0.759,0.001,0.197,0.958,5.27
4550,10000,76.0,820.0,0.013,0.246,0.246,6.1e-07,0.436,0.001,0.195,0.633,5.27
4600,10000,77.0,825.0,0.013,0.251,0.251,4.9e-07,0.002,0.001,0.225,0.229,5.27
4650,10000,77.0,829.0,0.012,0.235,0.235,3.8e-07,0.002,0.001,0.203,0.207,5.27
4700,10000,78.0,833.0,0.014,0.232,0.232,2.9e-07,0.002,0.001,0.206,0.21,5.27
4750,10000,78.0,838.0,0.015,0.251,0.251,2.1e-07,0.002,0.001,0.206,0.21,5.27
4800,10000,78.0,842.0,0.011,0.206,0.206,1.4e-07,0.002,0.001,0.207,0.211,5.27
4850,10000,79.0,846.0,0.015,0.279,0.279,8.4e-08,0.002,0.001,0.204,0.209,5.27
4900,10000,79.0,850.0,0.01,0.189,0.189,4.3e-08,0.002,0.001,0.207,0.211,5.27
4950,10000,80.0,855.0,0.011,0.206,0.206,1.6e-08,0.002,0.001,0.204,0.208,5.27
5000,10000,80.0,859.0,0.012,0.228,0.228,2.2e-09,0.002,0.001,0.207,0.211,5.27
