step,smpl,ep,loss,grad_norm,grdn,lr,data_s,prep_s,updt_s,step_s,mem_gb
50,400.0,4.0,1.033,4.595,4.595,5.1e-06,0.125,0.009,0.648,0.784,5.27
100,800.0,9.0,0.847,3.471,3.471,1.5e-05,0.002,0.001,0.218,0.223,5.27
150,1.0,13.0,0.353,6.438,6.438,2.5e-05,0.002,0.001,0.219,0.223,5.27
200,2.0,17.0,0.189,3.676,3.676,3.5e-05,0.002,0.001,0.219,0.223,5.27
250,2.0,21.0,0.165,3.047,3.047,4.5e-05,0.002,0.001,0.219,0.224,5.27
300,2.0,26.0,0.14,2.614,2.614,5.5e-05,0.002,0.001,0.22,0.224,5.27
350,3.0,30.0,0.124,2.411,2.411,6.5e-05,0.002,0.001,0.22,0.224,5.27
400,3.0,34.0,0.099,1.827,1.827,7.5e-05,0.002,0.001,0.22,0.225,5.27
450,4.0,39.0,0.116,1.997,1.997,8.5e-05,0.002,0.001,0.22,0.225,5.27
500,4.0,43.0,0.1,1.56,1.56,9.5e-05,0.074,0.001,0.229,0.304,5.27
550,4.0,47.0,0.099,1.494,1.494,0.0001,0.023,0.001,3.414,3.44,5.27
600,5.0,52.0,0.086,1.22,1.22,0.0001,0.002,0.001,0.679,0.683,5.27
650,5.0,56.0,0.084,1.207,1.207,0.0001,0.002,0.001,0.217,0.221,5.27
700,6.0,60.0,0.068,1.023,1.023,0.0001,0.002,0.001,0.812,0.816,5.27
750,6.0,64.0,0.068,0.953,0.953,9.9e-05,0.002,0.001,0.215,0.22,5.27
800,6.0,69.0,0.072,0.972,0.972,9.9e-05,0.002,0.001,0.22,0.224,5.27
850,7.0,73.0,0.067,0.852,0.852,9.9e-05,0.002,0.001,0.22,0.225,5.27
900,7.0,77.0,0.057,0.828,0.828,9.8e-05,0.002,0.001,0.22,0.225,5.27
950,8.0,82.0,0.059,0.863,0.863,9.8e-05,0.002,0.001,0.221,0.225,5.27
1000,12.0,125.0,0.048,0.602,0.602,9e-05,0.002,0.001,0.222,0.227,5.27
2000,20.0,215.0,0.043,0.496,0.496,6e-05,0.002,0.001,0.204,0.209,5.27
3000,28.0,296.0,0.03,0.42,0.42,2.7e-05,0.002,0.001,0.204,0.208,5.27
4000,36.0,387.0,0.026,0.32,0.32,3.3e-06,0.002,0.001,0.209,0.213,5.27
5000,40.0,430.0,0.023,0.28,0.28,9.9e-09,0.002,0.001,0.2,0.204,5.27
